id,district,province,distance_isb
NA-36,MOHAMDAN AGENCY,FATA,173.1887638
NA-37,KURAM AGENCY,FATA,268.0032249
NA-38,KURAM AGENCY,FATA,234.7687737
NA-39,ORAKZAI AGENCY,FATA,182.5000116
NA-40,NORTH WAZIRASTAN,FATA,287.9001981
NA-41,SOUTH WAZIRASTAN,FATA,353.1555754
NA-42,SOUTH WAZIRASTAN,FATA,306.8904317
NA-43,BAJAUR AGENCY,FATA,191.2666113
NA-44,BAJAUR AGENCY,FATA,172.3272808
NA-46,KHYBER AGENCY,FATA,184.8481387
NA-45,KHYBER AGENCY,FATA,169.0390068
NA-47,F.R AREAS,FATA,275.7225676
NA-260,"QUETTA, CHANGAI AND MASTANG",BALOCHISTAN,1013.308241
NA-259,QUETTA,BALOCHISTAN,671.4305038
NA-261,PISHIN AND ZIARAT,BALOCHISTAN,634.0844216
NA-262,KILA ABDULLAH,BALOCHISTAN,671.926328
NA-263,"LORALAI, MUSA KHEL AND BARKHAN",BALOCHISTAN,501.0760685
NA-264,ZOB AN KILHA SIAFULLAH,BALOCHISTAN,477.7559766
NA-265,"SIBI, KOHLU,HARNAI AND DERA BUGTI",BALOCHISTAN,627.8571291
NA-266,NASIRABAD AND JAFFARABAD,BALOCHISTAN,737.4032559
NA-267,"KACHI, JHAL MAGSI",BALOCHISTAN,733.5939646
NA-268,KALAT AN MASTANG,BALOCHISTAN,781.4861312
NA-269,KHUZDAR,BALOCHISTAN,916.6654466
NA-270,AWARAN AN LASBELA,BALOCHISTAN,1088.847046
NA-271,KHARN AND PANJGUR,BALOCHISTAN,1053.155384
NA-272,KECH AND GAWADAR,BALOCHISTAN,1292.215015
NA-17,ABBOTTABAD,KHYBER PAKHTUNKHWA,63.34132574
NA-26,BANU,KHYBER PAKHTUNKHWA,230.0754248
NA-22,BATTAGRAM,KHYBER PAKHTUNKHWA,124.7693643
NA-28,BUNER,KHYBER PAKHTUNKHWA,96.57600094
NA-8,CHARSADA,KHYBER PAKHTUNKHWA,138.4384504
NA-32,CHITRAL,KHYBER PAKHTUNKHWA,291.3014202
NA-16,HANGU,KHYBER PAKHTUNKHWA,197.7902124
NA-19,HARIPUR,KHYBER PAKHTUNKHWA,37.1169396
NA-15,KARAK,KHYBER PAKHTUNKHWA,181.9430359
NA-14,KOHAT,KHYBER PAKHTUNKHWA,133.8621334
NA-23,KOHISTAN,KHYBER PAKHTUNKHWA,184.8683349
NA-27,LAKI MARWAT,KHYBER PAKHTUNKHWA,231.3238181
NA-34,LOWER DIR,KHYBER PAKHTUNKHWA,164.9338002
NA-35,MALAKAND,KHYBER PAKHTUNKHWA,137.0698032
NA-20,MANSEHRA,KHYBER PAKHTUNKHWA,132.2944195
NA-11,MARDAN,KHYBER PAKHTUNKHWA,102.7387962
NA-6,NOWSHERA,KHYBER PAKHTUNKHWA,85.05551326
NA-31,SHANGLA,KHYBER PAKHTUNKHWA,131.7575963
NA-30,SAWAT,KHYBER PAKHTUNKHWA,195.3432517
NA-25,D.I KHAN CUM TANK,KHYBER PAKHTUNKHWA,287.5703518
NA-33,UPPER DIR,KHYBER PAKHTUNKHWA,199.0123275
NA-7,CHARSADA,KHYBER PAKHTUNKHWA,121.8853445
NA-29,SAWAT,KHYBER PAKHTUNKHWA,136.8528954
NA-5,NOWAHERAA,KHYBER PAKHTUNKHWA,103.9890068
NA-24,D.I KHAN,KHYBER PAKHTUNKHWA,293.4961059
NA-9,MARDAN,KHYBER PAKHTUNKHWA,99.51917895
NA-10,MARDAN,KHYBER PAKHTUNKHWA,119.6751078
NA-21,MANSEHRA CUM TORGHER,KHYBER PAKHTUNKHWA,86.37501567
NA-18,ABBOTTABAD,KHYBER PAKHTUNKHWA,49.12921464
NA-13,SAWABI,KHYBER PAKHTUNKHWA,62.68167994
NA-12,SAWABI,KHYBER PAKHTUNKHWA,82.6252882
NA-225,BADIN,SINDH,1089.593837
NA-232,DADU,SINDH,942.0793287
NA-200,GHOTAKI,SINDH,708.9840735
NA-208,JACOBABAD,SINDH,752.1698071
NA-231,JAMSHORO,SINDH,1011.546715
NA-258,KARACHI,SINDH,1091.400736
NA-210,KASHMORE,SINDH,694.8306553
NA-216,KHAIRPUR,SINDH,853.3671118
NA-204,LARKANA,SINDH,814.7346633
NA-226,MIRPURKHAS,SINDH,977.2059238
NA-212,NAUSHERO FEROZE,SINDH,867.2018032
NA-235,SANGHAR,SINDH,922.0450444
NA-206,LARKANA AND SHAHDAD KOT,SINDH,842.6024334
NA-203,SHIKARPUR,SINDH,769.5826342
NA-199,SUKKAR,SINDH,775.4539696
NA-229,THARPARKAR,SINDH,1046.661921
NA-237,THATTA,SINDH,1123.526816
NA-228,UMERKOT,SINDH,969.0377603
NA-198,SUKKAR,SINDH,767.0130143
NA-201,GHOTAKI,SINDH,736.1876716
NA-202,SHIKARPUR,SINDH,745.2818266
NA-205,LARKANA,SINDH,843.7341994
NA-207,"LARKANA, SHAHDADKOT",SINDH,797.1672372
NA-209,JACOBABAD CUM KASHMORE,SINDH,709.9504885
NA-211,NAUSHERO FEROZE,SINDH,903.0316134
NA-215,KHAIRPUR,SINDH,804.9519963
NA-217,KHAIRPUR,SINDH,811.7711272
NA-219,HYDERABAD,SINDH,1032.103889
NA-220,HYDERABAD,SINDH,1021.695472
NA-224,BADIN CUM T.M KHAN,SINDH,1043.705494
NA-227,MIRPURKHAS,SINDH,1015.391567
NA-230,THARPARKAR,SINDH,989.7174738
NA-233,DADU,SINDH,893.1490993
NA-236,SANGHAR,SINDH,953.1966216
NA-234,SANGHAR,SINDH,923.3743573
NA-238,THATTA,SINDH,1137.963081
NA-257,KARACHI,SINDH,1116.076159
NA-253,KARACHI,SINDH,1116.808548
NA-244,KARACHI,SINDH,1119.437616
NA-245,KARACHI,SINDH,1122.386031
NA-247,KARACHI,SINDH,1127.325511
NA-246,KARACHI,SINDH,1124.46693
NA-241,KARACHI,SINDH,1123.777744
NA-243,KARACHI,SINDH,1108.139591
NA-242,KARACHI,SINDH,1126.553861
NA-240,KARACHI,SINDH,1129.94048
NA-248,KARACHI,SINDH,1133.283203
NA-249,KARACHI,SINDH,1132.073761
NA-252,KARACHI,SINDH,1128.114737
NA-251,KARACHI,SINDH,1130.114491
NA-256,KARACHI,SINDH,1122.856622
NA-255,KARACHI,SINDH,1124.962271
NA-250,KARACHI,SINDH,1136.53438
NA-239,KARACHI,SINDH,1137.711561
NA-254,KARACHI,SINDH,1130.457351
NA-218,HYDERABAD,SINDH,1013.43969
NA-222,HYDERABAD CUM T.M KHAN,SINDH,1049.750226
NA-80,FAISALABAD,PUNJAB,266.4219115
NA-101,GUJRANWALA,PUNJAB,174.2159902
NA-106,GUJRAT,PUNJAB,135.689852
NA-103,HAFIZABAD,PUNJAB,195.5631644
NA-63,JHELUM,PUNJAB,111.9679074
NA-141,KASUR,PUNJAB,313.2893306
NA-181,LAYYAH,PUNJAB,330.3368481
NA-109,MANDI BAHAUDIN,PUNJAB,147.6623621
NA-137,NANKANA SAHAB,PUNJAB,250.8647083
NA-117,NAROWAL,PUNJAB,250.1699232
NA-146,OKARA,PUNJAB,343.8318137
NA-165,PAKPATTAN,PUNJAB,384.6776256
NA-163,SAHIWAL,PUNJAB,365.4162293
NA-67,SARGODHA,PUNJAB,191.7129696
NA-112,SIALKOT,PUNJAB,186.4836381
NA-170,VEHARI,PUNJAB,431.6020731
NA-167,VEHARI,PUNJAB,388.1355609
NA-168,VEHARI,PUNJAB,406.0232657
NA-169,VEHARI,PUNJAB,411.565891
NA-164,PAKPATTAN,PUNJAB,362.2763514
NA-166,PAKPATTAN,PUNJAB,380.7857941
NA-182,LAYYAH,PUNJAB,361.083745
NA-160,SAHIWAL,PUNJAB,328.7330712
NA-161,SAHIWAL,PUNJAB,339.8538285
NA-162,SAHIWAL,PUNJAB,348.7399525
NA-111,SIALKOT,PUNJAB,186.5367189
NA-113,SIALKOT,PUNJAB,213.2367325
NA-114,SIALKOT,PUNJAB,217.3786536
NA-110,SIALKOT,PUNJAB,194.5846207
NA-102,HAFIZABAD,PUNJAB,183.3266103
NA-62,JHELUM,PUNJAB,84.94602555
NA-107,GUJRAT,PUNJAB,123.1067291
NA-104,GUJRAT,PUNJAB,159.4690585
NA-105,GUJRAT,PUNJAB,159.8974118
NA-108,MANDI BAHAUDIN,PUNJAB,143.4330159
NA-143,OKARA,PUNJAB,306.3375843
NA-144,OKARA,PUNJAB,334.372167
NA-145,OKARA,PUNJAB,320.4565389
NA-147,OKARA,PUNJAB,358.9527615
NA-116,NAROWAL,PUNJAB,261.4204672
NA-115,NAROWAL,PUNJAB,239.1864081
NA-68,SARGODHA,PUNJAB,196.200631
NA-66,SARGODHA,PUNJAB,173.0360386
NA-64,SARGODHA,PUNJAB,143.4081977
NA-65,SARGODHA,PUNJAB,170.8215594
NA-133,SHAIKHUPURA,PUNJAB,241.712673
NA-136,SHAIKHUPURA,PUNJAB,244.1204082
NA-134,SHAIKHUPURA,PUNJAB,223.3392399
NA-132,SHAIKHUPURA,PUNJAB,258.2037765
NA-142,KASUR,PUNJAB,292.668522
NA-138,KASUR,PUNJAB,300.5024297
NA-139,KASUR,PUNJAB,320.0473636
NA-140,KASUR,PUNJAB,330.9387517
NA-97,GUJRANWALA,PUNJAB,194.6568787
NA-98,GUJRANWALA,PUNJAB,201.5205541
NA-99,GUJRANWALA,PUNJAB,223.9056355
NA-100,GUJRANWALA,PUNJAB,203.6255412
NA-75,FAISALABAD,PUNJAB,232.2207132
NA-76,FAISALABAD,PUNJAB,263.2311178
NA-77,FAISALABAD,PUNJAB,274.5362057
NA-78,FAISALABAD,PUNJAB,308.2241392
NA-79,FAISALABAD,PUNJAB,291.4393543
NA-81,FAISALABAD,PUNJAB,248.3030982
NA-82,FAISALABAD,PUNJAB,247.5006069
NA-58,ATTOCK,PUNJAB,84.79233242
NA-191,BAHAWALNAGHAR,PUNJAB,495.9962553
NA-187,BAHAWALPUR,PUNJAB,564.1832895
NA-74,BHAKKAR,PUNJAB,285.8441798
NA-61,CHAKWAL,PUNJAB,103.2841564
NA-171,D.G KHAN,PUNJAB,403.8524265
NA-87,JAHANG,PUNJAB,256.1768682
NA-159,KHANEWAL,PUNJAB,400.4911027
NA-70,KHUSHAB,PUNJAB,208.5719435
NA-154,LODHRAN,PUNJAB,466.0715651
NA-71,MIANWALI,PUNJAB,162.9406588
NA-148,MULTAN,PUNJAB,411.1837593
NA-180,MUZAFARGHAR,PUNJAB,523.6890058
NA-193,RAHIM YAR KHAN,PUNJAB,641.2320591
NA-175,RANAJPUR,PUNJAB,593.8001258
NA-51,RAWALPINDI,PUNJAB,52.69556144
NA-94,TOBA TAKE SINGH,PUNJAB,336.1234494
NA-57,ATTOCK,PUNJAB,65.84624033
NA-59,ATTOCK,PUNJAB,32.73007578
NA-60,CHAKWAL,PUNJAB,89.98016584
NA-69,KHUSHAB,PUNJAB,154.3538935
NA-72,MIANWALI,PUNJAB,193.1373276
NA-73,BHAKKAR,PUNJAB,243.2712495
NA-90,JAHANG,PUNJAB,317.3396344
NA-89,JAHANG,PUNJAB,278.0218368
NA-92,TOBA TAKE SINGH,PUNJAB,280.4055513
NA-93,TOBA TAKE SINGH,PUNJAB,310.693461
NA-91,JAHANG,PUNJAB,300.2046027
NA-152,MULTAN,PUNJAB,441.063423
NA-153,MULTAN,PUNJAB,477.4222419
NA-151,MULTAN,PUNJAB,402.5806949
NA-149,MULTAN,PUNJAB,415.0518498
NA-150,MULTAN,PUNJAB,414.8844701
NA-155,LODHRAN,PUNJAB,451.4318672
NA-156,KHANEWAL,PUNJAB,364.0189786
NA-157,KHANEWAL,PUNJAB,375.7070767
NA-158,KHANEWAL,PUNJAB,364.2857041
NA-172,D.G KHAN,PUNJAB,480.4915229
NA-173,D.G KHAN,PUNJAB,449.5099664
NA-174,RANAJPUR,PUNJAB,523.214996
NA-179,MUZAFARGHAR,PUNJAB,483.3693806
NA-178,MUZAFARGHAR,PUNJAB,449.6614558
NA-177,MUZAFARGHAR,PUNJAB,426.6711432
NA-176,MUZAFARGHAR,PUNJAB,387.7634933
NA-183,BAHAWALPUR,PUNJAB,524.1096845
NA-184,BAHAWALPUR,PUNJAB,503.1189772
NA-185,BAHAWALPUR,PUNJAB,483.3469748
NA-186,BAHAWALPUR,PUNJAB,451.6556707
NA-188,BAHAWALNAGHAR,PUNJAB,398.9940364
NA-189,BAHAWALNAGHAR,PUNJAB,426.6812893
NA-190,BAHAWALNAGHAR,PUNJAB,448.0195886
NA-195,RAHIM YAR KHAN,PUNJAB,628.1539568
NA-197,RAHIM YAR KHAN,PUNJAB,666.9165334
NA-194,RAHIM YAR KHAN,PUNJAB,587.9066137
NA-196,RAHIM YAR KHAN,PUNJAB,635.8728216
NA-192,RAHIM YAR KHAN,PUNJAB,553.4161668
NA-50,RAWALPINDI,PUNJAB,47.39731527
NA-213,S.BENAZIRABAD,SINDH,925.0368739
NA-214,MATARI,SINDH,978.7007742
NA-48,ISLAMABAD,ISLAMABAD CAPITAL TERRITORY,0
NA-49,ISLAMABAD,ISLAMABAD CAPITAL TERRITORY,21.88504519
NA-54,RAWALPINDI,PUNJAB,9.570295641
NA-55,RAWALPINDI,PUNJAB,9.41702636
NA-56,RAWALPINDI,PUNJAB,11.35642422
NA-53,RAWALPINDI,PUNJAB,21.34961793
NA-52,RAWALPINDI,PUNJAB,30.5279848
NA-4,PESHAWAR,KHYBER PAKHTUNKHWA,126.8645656
NA-2,PESHAWAR,KHYBER PAKHTUNKHWA,143.282207
NA-1,PESHAWAR,KHYBER PAKHTUNKHWA,133.0014992
NA-3,PESHAWAR,KHYBER PAKHTUNKHWA,139.3472497
NA-122,LAHORE,PUNJAB,268.357288
NA-118,LAHORE,PUNJAB,259.3918044
NA-119,LAHORE,PUNJAB,262.9879174
NA-120,LAHORE,PUNJAB,264.7701576
NA-121,LAHORE,PUNJAB,267.6301077
NA-126,LAHORE,PUNJAB,274.6434675
NA-124,LAHORE,PUNJAB,266.235065
NA-123,LAHORE,PUNJAB,262.6125268
NA-129,LAHORE,PUNJAB,288.9007646
NA-127,LAHORE,PUNJAB,280.2872775
NA-125,LAHORE,PUNJAB,275.7912964
NA-130,LAHORE,PUNJAB,276.5127451
NA-135,SHAIKHUPURA,PUNJAB,245.97289
NA-128,LAHORE,PUNJAB,279.512972
NA-223,HYDERABAD,SINDH,1013.76706
NA-83,FAISALABAD,PUNJAB,253.0548389
NA-84,FAISALABAD,PUNJAB,252.8923774
NA-85,FAISALABAD,PUNJAB,247.5566055
NA-95,GUJRANWALA,PUNJAB,201.2809481
NA-96,GUJRANWALA,PUNJAB,199.3211905
NA-86,CHINOT,PUNJAB,222.7130657
NA-131,SHAIKHUPURA,PUNJAB,245.9597953
NA-221,HYDERABAD,SINDH,995.7093931
NA-88,CHINIOT AND JHANG,PUNJAB,230.99065
PS-8,GHOTKI,SINDH,742.9664419
PS-54,HYDERABAD,SINDH,1058.876108
PS-16,JACOBABAD,SINDH,702.222961
PS-31,KHAIRPUR,SINDH,857.4696792
PS-42,LARKANA,SINDH,852.8217979
PS-43,MATIARI,SINDH,968.6352475
PS-19,NAUSHAHRO FEROZ,SINDH,900.3548681
PS-80,SANGHAR,SINDH,919.0987067
PS-26,S. BENAZIRABAD,SINDH,925.6748766
PS-9,SHIKARPHUR,SINDH,772.0111839
PS-4,SUKKUR,SINDH,782.4196147
PS-52,T. AYAR,SINDH,1003.91795
PS-84,THATTA,SINDH,1083.788369
PS-3,SUKKUR,SINDH,743.0738525
PS-2,SUKKUR,SINDH,761.6277256
PS-1,SUKKUR,SINDH,770.2326469
PS-5,GHOTKI,SINDH,693.0340594
PS-7,GHOTKI,SINDH,717.3264704
PS-6,GHOTKI,SINDH,712.3991541
PS-12,SHIKARPHUR,SINDH,738.332157
PS-11,SHIKARPHUR,SINDH,751.1588369
PS-10,SHIKARPHUR,SINDH,752.8838562
PS-13,JACOBABAD,SINDH,763.2396706
PS-14,JACOBABAD,SINDH,725.4571923
PS-15,JACOBABAD,SINDH,720.7407718
PS-17,JACOBABAD,SINDH,705.9041141
PS-18,JACOBABAD,SINDH,674.1976752
PS-23,NAUSHAHRO FEROZ,SINDH,913.4584748
PS-21,NAUSHAHRO FEROZ,SINDH,854.666263
PS-22,NAUSHAHRO FEROZ,SINDH,879.4505809
PS-20,NAUSHAHRO FEROZ,SINDH,875.9890244
PS-29,KHAIRPUR,SINDH,788.0349901
PS-30,KHAIRPUR,SINDH,796.0864243
PS-32,KHAIRPUR,SINDH,812.2047937
PS-34,KHAIRPUR,SINDH,823.7772785
PS-33,KHAIRPUR,SINDH,826.6089846
PS-40,LARKANA,SINDH,817.0958324
PS-37,LARKANA,SINDH,797.0320707
PS-41,LARKANA,SINDH,841.0561207
PS-38,LARKANA,SINDH,810.1685668
PS-39,LARKANA,SINDH,830.1131674
PS-35,LARKANA,SINDH,840.596426
PS-36,LARKANA,SINDH,815.0327531
PS-25,S. BENAZIRABAD,SINDH,904.0118952
PS-28,S. BENAZIRABAD,SINDH,946.0139755
PS-27,S. BENAZIRABAD,SINDH,953.494409
PS-24,S. BENAZIRABAD,SINDH,932.9398262
PS-78,SANGHAR,SINDH,925.773146
PS-79,SANGHAR,SINDH,936.998378
PS-81,SANGHAR,SINDH,962.6477129
PS-82,SANGHAR,SINDH,967.5867859
PS-83,SANGHAR,SINDH,951.3895346
PS-86,THATTA,SINDH,1100.385983
PS-85,THATTA,SINDH,1140.124122
PS-88,THATTA,SINDH,1177.370607
PS-87,THATTA,SINDH,1150.174356
PS-53,HYDERABAD,SINDH,1031.46106
PS-49,HYDERABAD,SINDH,1029.145956
PS-50,HYDERABAD,SINDH,1013.771492
PS-51,T. AYAR,SINDH,985.6065096
PS-44,MATIARI,SINDH,990.028594
PS-75,DADU,SINDH,941.5257228
PS-72,JAMSHORO,SINDH,1023.68793
PS-65,MIRPURKHAS,SINDH,982.1137184
PS-62,THARPARKAR,SINDH,1011.895626
PS-70,UMERKOT,SINDH,957.7891914
PS-58,BADIN,SINDH,1094.337303
PS-57,BADIN,SINDH,1065.820235
PS-56,BADIN,SINDH,1043.71478
PS-55,BADIN,SINDH,1030.106656
PS-60,THARPARKAR,SINDH,1064.644666
PS-61,THARPARKAR,SINDH,1017.794891
PS-63,THARPARKAR,SINDH,950.4994346
PS-67,UMERKOT,SINDH,992.8450945
PS-66,MIRPURKHAS,SINDH,1025.20602
PS-64,MIRPURKHAS,SINDH,980.0288016
PS-69,UMERKOT,SINDH,965.3711435
PS-68,UMERKOT,SINDH,1004.252603
PS-71,JAMSHORO,SINDH,993.9498036
PS-73,DADU,SINDH,943.8133135
PS-74,DADU,SINDH,896.0315429
PS-76,DADU,SINDH,896.7596721
PS-77,DADU,SINDH,870.1389108
PS-90,KARACHI,SINDH,1137.609113
PS-118,KARACHI,SINDH,1120.194143
PS-130,KARACHI,SINDH,1089.307722
PS-89,KARACHI,SINDH,1138.357073
PS-92,KARACHI,SINDH,1129.631016
PS-108,KARACHI,SINDH,1133.382699
PS-109,KARACHI,SINDH,1132.093672
PS-111,KARACHI,SINDH,1130.53997
PS-117,KARACHI,SINDH,1127.405185
PS-110,KARACHI,SINDH,1132.375993
PS-112,KARACHI,SINDH,1135.833343
PS-113,KARACHI,SINDH,1135.972747
PS-114,KARACHI,SINDH,1129.915882
PS-115,KARACHI,SINDH,1128.793848
PS-97,KARACHI,SINDH,1109.156698
PS-91,KARACHI,SINDH,1129.908733
PS-95,KARACHI,SINDH,1123.942208
PS-94,KARACHI,SINDH,1126.604952
PS-121,KARACHI,SINDH,1119.373479
PS-127,KARACHI,SINDH,1114.211907
PS-120,KARACHI,SINDH,1122.595377
PS-129,KARACHI,SINDH,1125.988835
PS-124,KARACHI,SINDH,1135.275412
PS-123,KARACHI,SINDH,1131.780257
PS-128,KARACHI,SINDH,1125.289757
PS-122,KARACHI,SINDH,1129.900654
PS-125,KARACHI,SINDH,1128.575268
PS-105,KARACHI,SINDH,1117.357777
PS-103,KARACHI,SINDH,1120.287067
PS-96,KARACHI,SINDH,1124.109507
PS-93,KARACHI,SINDH,1127.222112
PS-104,KARACHI,SINDH,1124.14777
PS-107,KARACHI,SINDH,1124.351855
PS-116,KARACHI,SINDH,1125.352859
PS-119,KARACHI,SINDH,1123.313615
PS-126,KARACHI,SINDH,1116.874295
PS-106,KARACHI,SINDH,1120.197582
PS-99,KARACHI,SINDH,1111.427271
PS-100,KARACHI,SINDH,1112.480468
PS-102,KARACHI,SINDH,1114.173712
PS-98,KARACHI,SINDH,1113.440671
PS-101,KARACHI,SINDH,1116.179836
PS-59,BADIN KUM T.M KHAN,SINDH,1084.015114
PS-47,HYDERABAD,SINDH,1017.466326
PS-45,HYDERABAD,SINDH,1017.535598
PS-46,HYDERABAD,SINDH,1017.953665
PS-48,HYDERABAD,SINDH,1022.606979
PB-41,AWARAN,BALOCHISTAN,1104.877621
PB-17,LORALAI,BALOCHISTAN,519.735397
PB-39,CHAGAI,BALOCHISTAN,1057.192299
PB-24,DERA BUGHTI,BALOCHISTAN,641.992712
PB-51,GWADAR,BALOCHISTAN,1321.845016
PB-22,HARNAI,BALOCHISTAN,631.619725
PB-27,NASIRABAD,BALOCHISTAN,706.52625
PB-28,NASIRABAD,BALOCHISTAN,780.871378
PB-31,KACHHI,BALOCHISTAN,728.0636345
PB-36,KALAT,BALOCHISTAN,775.7695212
PB-50,KECH,BALOCHISTAN,1318.920925
PB-46,KHARAN,BALOCHISTAN,907.9443685
PB-35,KHUZDAR,BALOCHISTAN,967.221146
PB-13,KILLA ABDULLAH,BALOCHISTAN,668.1368921
PB-20,KILLA SAIFULLAH,BALOCHISTAN,529.8138164
PB-23,KOHLU,BALOCHISTAN,597.651554
PB-45,LASBELA,BALOCHISTAN,1076.461625
PB-14,LORALAI,BALOCHISTAN,537.2664837
PB-38,MASTUNG,BALOCHISTAN,723.2899395
PB-15,LORALAI,BALOCHISTAN,422.5370481
PB-29,NASIRABAD,BALOCHISTAN,728.8002499
PB-40,NUSHKI,BALOCHISTAN,826.6245566
PB-42,PANJGUR,BALOCHISTAN,1161.96632
PB-9,PISHIN,BALOCHISTAN,604.0876652
PB-6,QUETTA,BALOCHISTAN,710.3844494
PB-47,WASHUK,BALOCHISTAN,1054.216782
PB-19,ZHOB,BALOCHISTAN,441.0661777
PB-7,ZIARAT,BALOCHISTAN,602.7672242
PB-1,QUETTA,BALOCHISTAN,662.3163538
PB-2,QUETTA,BALOCHISTAN,667.4923614
PB-3,QUETTA,BALOCHISTAN,676.1574634
PB-4,QUETTA,BALOCHISTAN,672.3955199
PB-5,QUETTA,BALOCHISTAN,680.2454949
PB-8,PISHIN,BALOCHISTAN,654.1552023
PB-10,PISHIN,BALOCHISTAN,645.9345152
PB-12,KILLA ABDULLAH,BALOCHISTAN,671.215312
PB-11,KILLA ABDULLAH,BALOCHISTAN,700.4416456
PB-16,LORALAI,BALOCHISTAN,534.2702078
PB-18,ZHOB,BALOCHISTAN,432.7870352
PB-21,SIBI,BALOCHISTAN,672.3444539
PB-30,KACHHI,BALOCHISTAN,684.7491076
PB-32,KACHHI,BALOCHISTAN,703.5750739
PB-33,KHUZDAR,BALOCHISTAN,817.4953981
PB-34,KHUZDAR,BALOCHISTAN,903.7706667
PB-37,KALAT,BALOCHISTAN,872.5751528
PB-43,PANJGUR,BALOCHISTAN,1121.023103
PB-44,LASBELA,BALOCHISTAN,1041.189018
PB-49,KECH,BALOCHISTAN,1223.955026
PB-48,KECH,BALOCHISTAN,1264.686561
PB-25,NASIRABAD,BALOCHISTAN,787.559631
PB-26,NASIRABAD,BALOCHISTAN,745.9186371
PP-263,LAYYAH,PUNJAB,340.7479379
PP-266,LAYYAH,PUNJAB,354.4534601
PP-265,LAYYAH,PUNJAB,369.4445615
PP-264,LAYYAH,PUNJAB,333.032662
PP-262,LAYYAH,PUNJAB,321.6625155
PP-49,BHAKKAR,PUNJAB,278.7143149
PP-47,BHAKKAR,PUNJAB,228.7406762
PP-50,BHAKKAR,PUNJAB,294.8741915
PP-48,BHAKKAR,PUNJAB,253.8342289
PP-256,MUZAFFARGARH,PUNJAB,442.8082952
PP-253,MUZAFFARGARH,PUNJAB,387.3090431
PP-255,MUZAFFARGARH,PUNJAB,436.0475879
PP-261,MUZAFFARGARH,PUNJAB,537.1397969
PP-251,MUZAFFARGARH,PUNJAB,398.3943063
PP-252,MUZAFFARGARH,PUNJAB,421.6823343
PP-257,MUZAFFARGARH,PUNJAB,466.3948032
PP-260,MUZAFFARGARH,PUNJAB,514.2268885
PP-258,MUZAFFARGARH,PUNJAB,498.4972252
PP-254,MUZAFFARGARH,PUNJAB,393.7081032
PP-259,MUZAFFARGARH,PUNJAB,479.2421911
PP-233,VEHARI,PUNJAB,396.7553853
PP-232,VEHARI,PUNJAB,386.1901025
PP-234,VEHARI,PUNJAB,413.3595076
PP-238,VEHARI,PUNJAB,423.3813598
PP-237,VEHARI,PUNJAB,418.6564113
PP-235,VEHARI,PUNJAB,388.3996055
PP-236,VEHARI,PUNJAB,403.8405949
PP-239,VEHARI,PUNJAB,441.6696798
PP-90,T. T SINGH,PUNJAB,330.1601174
PP-86,T. T SINGH,PUNJAB,296.2246952
PP-84,T. T SINGH,PUNJAB,275.6168412
PP-88,T. T SINGH,PUNJAB,333.1584532
PP-89,T. T SINGH,PUNJAB,337.5200489
PP-87,T. T SINGH,PUNJAB,309.979733
PP-85,T. T SINGH,PUNJAB,291.9019654
PP-129,SIALKOT,PUNJAB,202.3927929
PP-121,SIALKOT,PUNJAB,187.0197744
PP-128,SIALKOT,PUNJAB,224.7688187
PP-131,SIALKOT,PUNJAB,182.855643
PP-124,SIALKOT,PUNJAB,185.5841177
PP-126,SIALKOT,PUNJAB,219.0232305
PP-127,SIALKOT,PUNJAB,223.7344433
PP-130,SIALKOT,PUNJAB,196.6053846
PP-125,SIALKOT,PUNJAB,205.6121794
PP-122,SIALKOT,PUNJAB,197.3898923
PP-123,SIALKOT,PUNJAB,211.0554597
PP-31,SARGODHA,PUNJAB,177.5549007
PP-28,SARGODHA,PUNJAB,136.9974791
PP-37,SARGODHA,PUNJAB,202.2729206
PP-29,SARGODHA,PUNJAB,161.3544924
PP-30,SARGODHA,PUNJAB,151.5059347
PP-38,SARGODHA,PUNJAB,164.1604588
PP-36,SARGODHA,PUNJAB,209.9234619
PP-35,SARGODHA,PUNJAB,184.0223472
PP-34,SARGODHA,PUNJAB,180.5928158
PP-32,SARGODHA,PUNJAB,178.8077958
PP-33,SARGODHA,PUNJAB,200.8856675
PP-220,SAHIWAL,PUNJAB,328.252397
PP-226,SAHIWAL,PUNJAB,371.7882133
PP-225,SAHIWAL,PUNJAB,352.1680185
PP-224,SAHIWAL,PUNJAB,354.5441685
PP-223,SAHIWAL,PUNJAB,346.3658112
PP-221,SAHIWAL,PUNJAB,331.8169304
PP-222,SAHIWAL,PUNJAB,335.0328046
PP-289,R Y KHAN,PUNJAB,605.5320679
PP-287,R Y KHAN,PUNJAB,639.5049672
PP-294,R Y KHAN,PUNJAB,640.7065373
PP-296,R Y KHAN,PUNJAB,669.725873
PP-295,R Y KHAN,PUNJAB,645.7272151
PP-297,R Y KHAN,PUNJAB,667.9266111
PP-292,R Y KHAN,PUNJAB,621.8028793
PP-291,R Y KHAN,PUNJAB,604.6564151
PP-285,R Y KHAN,PUNJAB,581.917164
PP-286,R Y KHAN,PUNJAB,563.7292298
PP-293,R Y KHAN,PUNJAB,626.0622488
PP-290,R Y KHAN,PUNJAB,599.4974981
PP-288,R Y KHAN,PUNJAB,577.4900134
PP-7,RAWALPINDI,PUNJAB,30.70594548
PP-8,RAWALPINDI,PUNJAB,20.49239267
PP-1,RAWALPINDI,PUNJAB,47.54365053
PP-2,RAWALPINDI,PUNJAB,50.83529237
PP-3,RAWALPINDI,PUNJAB,62.16597991
PP-4,RAWALPINDI,PUNJAB,51.03178154
PP-5,RAWALPINDI,PUNJAB,35.27560267
PP-10,RAWALPINDI,PUNJAB,11.22857737
PP-9,RAWALPINDI,PUNJAB,17.18065923
PP-13,RAWALPINDI,PUNJAB,15.37933042
PP-12,RAWALPINDI,PUNJAB,10.69785128
PP-14,RAWALPINDI,PUNJAB,13.66604687
PP-6,RAWALPINDI,PUNJAB,18.57701081
PP-11,RAWALPINDI,PUNJAB,9.531731855
PP-250,RAJANPUR,PUNJAB,618.1636118
PP-247,RAJANPUR,PUNJAB,521.8683678
PP-248,RAJANPUR,PUNJAB,530.2536934
PP-249,RAJANPUR,PUNJAB,559.9132848
PP-231,PAKPATTAN,PUNJAB,392.5779181
PP-227,PAKPATTAN,PUNJAB,366.8137723
PP-228,PAKPATTAN,PUNJAB,383.7499666
PP-229,PAKPATTAN,PUNJAB,362.5596767
PP-230,PAKPATTAN,PUNJAB,370.6001057
PP-185,OKARA,PUNJAB,301.3062762
PP-193,OKARA,PUNJAB,368.7924113
PP-192,OKARA,PUNJAB,341.9102604
PP-187,OKARA,PUNJAB,340.373151
PP-188,OKARA,PUNJAB,349.0138605
PP-186,OKARA,PUNJAB,322.0507385
PP-189,OKARA,PUNJAB,311.7137804
PP-191,OKARA,PUNJAB,336.9107618
PP-190,OKARA,PUNJAB,322.3987176
PP-132,NAROWAL,PUNJAB,239.7673331
PP-135,NAROWAL,PUNJAB,250.3857298
PP-134,NAROWAL,PUNJAB,264.513551
PP-136,NAROWAL,PUNJAB,240.8729016
PP-133,NAROWAL,PUNJAB,257.2950512
PP-172,NANKANA SAHIB,PUNJAB,240.9022748
PP-163,SHEIKHUPURA,PUNJAB,234.3121165
PP-162,SHEIKHUPURA,PUNJAB,248.1500508
PP-165,SHEIKHUPURA,PUNJAB,261.903084
PP-170,NANKANA SAHIB,PUNJAB,216.8649726
PP-171,NANKANA SAHIB,PUNJAB,272.4770376
PP-174,NANKANA SAHIB,PUNJAB,281.3878368
PP-164,SHEIKHUPURA,PUNJAB,246.966609
PP-168,SHEIKHUPURA,PUNJAB,244.394865
PP-173,NANKANA SAHIB,PUNJAB,255.1209518
PP-169,SHEIKHUPURA,PUNJAB,222.6094228
PP-166,SHEIKHUPURA,PUNJAB,239.3202914
PP-167,NANKANA SAHIB,PUNJAB,282.6111356
PP-46,MIANWALI,PUNJAB,206.6490362
PP-43,MIANWALI,PUNJAB,172.6542076
PP-44,MIANWALI,PUNJAB,154.1645847
PP-45,MIANWALI,PUNJAB,177.986649
PP-119,MANDI BAHAUDDIN,PUNJAB,138.9429754
PP-116,MANDI BAHAUDDIN,PUNJAB,132.4244965
PP-117,MANDI BAHAUDDIN,PUNJAB,153.7996416
PP-118,MANDI BAHAUDDIN,PUNJAB,158.8879154
PP-120,MANDI BAHAUDDIN,PUNJAB,136.6843104
PP-211,LODHRAN,PUNJAB,467.8452145
PP-208,LODHRAN,PUNJAB,449.460895
PP-207,LODHRAN,PUNJAB,444.6639806
PP-210,LODHRAN,PUNJAB,482.8790114
PP-209,LODHRAN,PUNJAB,461.2465862
PP-39,KHUSHAB,PUNJAB,141.029094
PP-42,KHUSHAB,PUNJAB,214.7454491
PP-40,KHUSHAB,PUNJAB,175.9875948
PP-41,KHUSHAB,PUNJAB,166.0345214
PP-218,KHANEWAL,PUNJAB,391.6780518
PP-212,KHANEWAL,PUNJAB,352.8451975
PP-217,KHANEWAL,PUNJAB,372.4806797
PP-216,KHANEWAL,PUNJAB,356.4565207
PP-213,KHANEWAL,PUNJAB,377.6788113
PP-215,KHANEWAL,PUNJAB,367.8782749
PP-214,KHANEWAL,PUNJAB,389.8931277
PP-219,KHANEWAL,PUNJAB,414.7569656
PP-178,KASUR,PUNJAB,320.9864283
PP-184,KASUR,PUNJAB,292.8828002
PP-179,KASUR,PUNJAB,328.1647231
PP-183,KASUR,PUNJAB,294.6705297
PP-180,KASUR,PUNJAB,338.0218483
PP-176,KASUR,PUNJAB,301.543131
PP-175,KASUR,PUNJAB,302.0588652
PP-182,KASUR,PUNJAB,312.7631635
PP-181,KASUR,PUNJAB,315.4057478
PP-177,KASUR,PUNJAB,314.8338245
PP-24,JHELUM,PUNJAB,82.67173375
PP-27,JHELUM,PUNJAB,119.5501502
PP-26,JHELUM,PUNJAB,107.6715288
PP-25,JHELUM,PUNJAB,100.1688266
PP-106,HAFIZABAD,PUNJAB,180.8945103
PP-105,HAFIZABAD,PUNJAB,194.6878784
PP-107,HAFIZABAD,PUNJAB,198.9425653
PP-108,GUJRAT,PUNJAB,162.9360714
PP-113,GUJRAT,PUNJAB,136.275221
PP-114,GUJRAT,PUNJAB,118.0826985
PP-115,GUJRAT,PUNJAB,134.6656024
PP-112,GUJRAT,PUNJAB,144.360341
PP-109,GUJRAT,PUNJAB,158.0565835
PP-110,GUJRAT,PUNJAB,161.1114553
PP-111,GUJRAT,PUNJAB,160.5347239
PP-103,GUJRANWALA,PUNJAB,174.1350727
PP-99,GUJRANWALA,PUNJAB,223.5439074
PP-98,GUJRANWALA,PUNJAB,213.2554972
PP-91,GUJRANWALA,PUNJAB,203.4510966
PP-95,GUJRANWALA,PUNJAB,198.2647879
PP-96,GUJRANWALA,PUNJAB,195.1112244
PP-100,GUJRANWALA,PUNJAB,226.9602976
PP-101,GUJRANWALA,PUNJAB,216.6643248
PP-102,GUJRANWALA,PUNJAB,194.3163869
PP-104,GUJRANWALA,PUNJAB,178.7536431
PP-94,GUJRANWALA,PUNJAB,202.2365146
PP-93,GUJRANWALA,PUNJAB,204.4987438
PP-92,GUJRANWALA,PUNJAB,205.5549504
PP-97,GUJRANWALA,PUNJAB,193.7385049
PP-241,D G KHAN,PUNJAB,420.5131301
PP-240,D G KHAN,PUNJAB,366.5560274
PP-245,D G KHAN,PUNJAB,485.1411573
PP-243,D G KHAN,PUNJAB,456.6377554
PP-242,D G KHAN,PUNJAB,430.9615194
PP-246,D G KHAN,PUNJAB,474.1715058
PP-244,D G KHAN,PUNJAB,458.1398118
PP-74,CHINIOT,PUNJAB,234.4633576
PP-82,JHANG,PUNJAB,284.4376685
PP-78,JHANG,PUNJAB,299.0185079
PP-76,JHANG,PUNJAB,270.8287457
PP-79,JHANG,PUNJAB,330.1017084
PP-75,JHANG,PUNJAB,258.6905769
PP-81,JHANG,PUNJAB,248.1868281
PP-83,JHANG,PUNJAB,336.3844155
PP-80,CHINIOT,PUNJAB,210.6503367
PP-73,CHINIOT,PUNJAB,214.9168842
PP-77,JHANG,PUNJAB,285.4468325
PP-22,CHAKWAL,PUNJAB,83.7390293
PP-20,CHAKWAL,PUNJAB,74.16708317
PP-23,CHAKWAL,PUNJAB,116.9555509
PP-21,CHAKWAL,PUNJAB,100.7430991
PP-282,BAHAWALNAGAR,PUNJAB,458.2990547
PP-284,BAHAWALNAGAR,PUNJAB,504.4367852
PP-277,BAHAWALNAGAR,PUNJAB,394.6233116
PP-279,BAHAWALNAGAR,PUNJAB,427.7551793
PP-281,BAHAWALNAGAR,PUNJAB,435.0152121
PP-278,BAHAWALNAGAR,PUNJAB,405.4810995
PP-283,BAHAWALNAGAR,PUNJAB,464.8734717
PP-280,BAHAWALNAGAR,PUNJAB,425.4475053
PP-276,BAHAWALPUR,PUNJAB,577.4957864
PP-267,BAHAWALPUR,PUNJAB,525.0092758
PP-274,BAHAWALPUR,PUNJAB,450.000147
PP-273,BAHAWALPUR,PUNJAB,454.660243
PP-269,BAHAWALPUR,PUNJAB,507.8904407
PP-275,BAHAWALPUR,PUNJAB,486.7726925
PP-272,BAHAWALPUR,PUNJAB,488.4168593
PP-270,BAHAWALPUR,PUNJAB,507.3942569
PP-271,BAHAWALPUR,PUNJAB,493.1406412
PP-268,BAHAWALPUR,PUNJAB,528.3710499
PP-17,ATTOCK,PUNJAB,29.85719101
PP-15,ATTOCK,PUNJAB,58.94333603
PP-16,ATTOCK,PUNJAB,53.63070062
PP-18,ATTOCK,PUNJAB,70.92836766
PP-19,ATTOCK,PUNJAB,89.83919361
PP-64,FAISALABAD,PUNJAB,241.7707155
PP-51,FAISALABAD,PUNJAB,237.3401826
PP-52,FAISALABAD,PUNJAB,230.2722786
PP-65,FAISALABAD,PUNJAB,246.3216138
PP-66,FAISALABAD,PUNJAB,249.5478068
PP-67,FAISALABAD,PUNJAB,250.282842
PP-68,FAISALABAD,PUNJAB,253.2066316
PP-69,FAISALABAD,PUNJAB,254.072764
PP-70,FAISALABAD,PUNJAB,251.5041455
PP-71,FAISALABAD,PUNJAB,248.6048955
PP-72,FAISALABAD,PUNJAB,249.2223693
PP-53,FAISALABAD,PUNJAB,257.6554295
PP-54,FAISALABAD,PUNJAB,267.4619233
PP-56,FAISALABAD,PUNJAB,280.9505843
PP-57,FAISALABAD,PUNJAB,297.1271548
PP-58,FAISALABAD,PUNJAB,315.9232623
PP-59,FAISALABAD,PUNJAB,296.6574868
PP-60,FAISALABAD,PUNJAB,286.357401
PP-61,FAISALABAD,PUNJAB,269.3956322
PP-63,FAISALABAD,PUNJAB,254.8345568
PP-55,FAISALABAD,PUNJAB,264.5334275
PP-62,FAISALABAD,PUNJAB,262.1235946
PP-199,MULTAN,PUNJAB,419.0557453
PP-201,MULTAN,PUNJAB,401.5172712
PP-202,MULTAN,PUNJAB,417.28622
PP-206,MULTAN,PUNJAB,490.661628
PP-205,MULTAN,PUNJAB,474.9237116
PP-204,MULTAN,PUNJAB,452.4211156
PP-203,MULTAN,PUNJAB,436.9944786
PP-200,MULTAN,PUNJAB,394.3099191
PP-198,MULTAN,PUNJAB,405.0029941
PP-197,MULTAN,PUNJAB,407.4030324
PP-194,MULTAN,PUNJAB,406.6969024
PP-195,MULTAN,PUNJAB,407.6079728
PP-196,MULTAN,PUNJAB,409.0131824
PP-144,LAHORE,PUNJAB,265.6637696
PP-154,LAHORE,PUNJAB,278.9296566
PP-153,LAHORE,PUNJAB,278.0235202
PP-155,LAHORE,PUNJAB,278.4197503
PP-157,LAHORE,PUNJAB,267.8137738
PP-156,LAHORE,PUNJAB,274.5001967
PP-152,LAHORE,PUNJAB,273.7750767
PP-151,LAHORE,PUNJAB,272.591745
PP-150,LAHORE,PUNJAB,266.7357195
PP-148,LAHORE,PUNJAB,269.5089142
PP-149,LAHORE,PUNJAB,264.7156017
PP-146,LAHORE,PUNJAB,269.1988332
PP-147,LAHORE,PUNJAB,267.7953996
PP-140,LAHORE,PUNJAB,265.2446059
PP-139,LAHORE,PUNJAB,261.6330972
PP-137,LAHORE,PUNJAB,258.325923
PP-138,LAHORE,PUNJAB,260.2214917
PP-142,LAHORE,PUNJAB,263.7324773
PP-141,LAHORE,PUNJAB,262.688855
PP-145,LAHORE,PUNJAB,268.9171711
PP-143,LAHORE,PUNJAB,262.3605561
PP-160,LAHORE,PUNJAB,278.6139206
PP-161,LAHORE,PUNJAB,280.6334563
PP-159,LAHORE,PUNJAB,289.6045128
PP-158,LAHORE,PUNJAB,279.8954723
PK-48,ABBOTTABAD,KHYBER PAKHTUNKHWA,53.26035931
PK-71,BANNU,KHYBER PAKHTUNKHWA,215.0958016
PK-60,BATAGRAM,KHYBER PAKHTUNKHWA,132.3732562
PK-79,BUNER,KHYBER PAKHTUNKHWA,110.0891457
PK-90,CHITRAL,KHYBER PAKHTUNKHWA,312.0317481
PK-68,D I KHAN,KHYBER PAKHTUNKHWA,243.2144197
PK-42,HANGU,KHYBER PAKHTUNKHWA,184.7440098
PK-52,HARIPUR,KHYBER PAKHTUNKHWA,51.06189472
PK-40,KARAK,KHYBER PAKHTUNKHWA,177.5559583
PK-39,KOHAT,KHYBER PAKHTUNKHWA,142.4450525
PK-63,KOHISTAN,KHYBER PAKHTUNKHWA,191.6099464
PK-76,LAKKI MARWAT,KHYBER PAKHTUNKHWA,214.639838
PK-99,MALAKAND P.A,KHYBER PAKHTUNKHWA,137.5620833
PK-54,MANSEHRA,KHYBER PAKHTUNKHWA,146.0350746
PK-15,NOWSHEHRA,KHYBER PAKHTUNKHWA,85.1916184
PK-11,PESHAWAR,KHYBER PAKHTUNKHWA,127.110569
PK-88,SHANGLA,KHYBER PAKHTUNKHWA,117.0286334
PK-85,SWAT,KHYBER PAKHTUNKHWA,204.8153385
PK-69,TANK,KHYBER PAKHTUNKHWA,287.5703518
PK-92,UPPER DIR,KHYBER PAKHTUNKHWA,207.1997762
PK-67,D I KHAN,KHYBER PAKHTUNKHWA,318.8913271
PK-66,D I KHAN,KHYBER PAKHTUNKHWA,311.9301824
PK-64,D I KHAN,KHYBER PAKHTUNKHWA,276.7846012
PK-65,D I KHAN,KHYBER PAKHTUNKHWA,276.6861386
PK-75,LAKKI MARWAT,KHYBER PAKHTUNKHWA,243.7585454
PK-74,LAKKI MARWAT,KHYBER PAKHTUNKHWA,233.8209988
PK-7,PESHAWAR,KHYBER PAKHTUNKHWA,147.3595124
PK-8,PESHAWAR,KHYBER PAKHTUNKHWA,140.7589427
PK-9,PESHAWAR,KHYBER PAKHTUNKHWA,129.4212407
PK-10,PESHAWAR,KHYBER PAKHTUNKHWA,125.9043083
PK-6,PESHAWAR,KHYBER PAKHTUNKHWA,137.0318946
PK-5,PESHAWAR,KHYBER PAKHTUNKHWA,143.1325709
PK-1,PESHAWAR,KHYBER PAKHTUNKHWA,136.2621081
PK-2,PESHAWAR,KHYBER PAKHTUNKHWA,134.760641
PK-3,PESHAWAR,KHYBER PAKHTUNKHWA,135.37195
PK-4,PESHAWAR,KHYBER PAKHTUNKHWA,136.8273062
PK-70,BANNU,KHYBER PAKHTUNKHWA,232.6047752
PK-73,BANNU,KHYBER PAKHTUNKHWA,228.9112166
PK-72,BANNU,KHYBER PAKHTUNKHWA,246.5827728
PK-43,HANGU,KHYBER PAKHTUNKHWA,212.3491973
PK-41,KARAK,KHYBER PAKHTUNKHWA,188.7961752
PK-38,KOHAT,KHYBER PAKHTUNKHWA,154.5605755
PK-37,KOHAT,KHYBER PAKHTUNKHWA,113.0264476
PK-98,MALAKAND P.A,KHYBER PAKHTUNKHWA,136.812312
PK-78,BUNER,KHYBER PAKHTUNKHWA,99.22022875
PK-77,BUNER,KHYBER PAKHTUNKHWA,80.23716108
PK-59,BATAGRAM,KHYBER PAKHTUNKHWA,111.2579282
PK-87,SHANGLA,KHYBER PAKHTUNKHWA,144.5699267
PK-93,UPPER DIR,KHYBER PAKHTUNKHWA,169.829555
PK-91,UPPER DIR,KHYBER PAKHTUNKHWA,198.8140185
PK-89,CHITRAL,KHYBER PAKHTUNKHWA,270.6723584
PK-61,KOHISTAN,KHYBER PAKHTUNKHWA,160.8801892
PK-62,KOHISTAN,KHYBER PAKHTUNKHWA,147.7230677
PK-12,NOWSHEHRA,KHYBER PAKHTUNKHWA,110.3008324
PK-16,NOWSHEHRA,KHYBER PAKHTUNKHWA,90.00664174
PK-13,NOWSHEHRA,KHYBER PAKHTUNKHWA,103.0088143
PK-14,NOWSHEHRA,KHYBER PAKHTUNKHWA,106.4800981
PK-49,HARIPUR,KHYBER PAKHTUNKHWA,21.21609088
PK-50,HARIPUR,KHYBER PAKHTUNKHWA,33.05810137
PK-51,HARIPUR,KHYBER PAKHTUNKHWA,35.05632308
PK-46,ABBOTTABAD,KHYBER PAKHTUNKHWA,57.69921785
PK-47,ABBOTTABAD,KHYBER PAKHTUNKHWA,42.9797954
PK-45,ABBOTTABAD,KHYBER PAKHTUNKHWA,67.75444523
PK-44,ABBOTTABAD,KHYBER PAKHTUNKHWA,62.10620562
PK-53,MANSEHRA,KHYBER PAKHTUNKHWA,77.09665281
PK-55,MANSEHRA,KHYBER PAKHTUNKHWA,86.01510723
PK-57,MANSEHRA,KHYBER PAKHTUNKHWA,80.50493475
PK-56,MANSEHRA,KHYBER PAKHTUNKHWA,102.1836281
PK-58,MANSEHRA,KHYBER PAKHTUNKHWA,116.2724873
PK-82,SWAT,KHYBER PAKHTUNKHWA,141.3013568
PK-84,SWAT,KHYBER PAKHTUNKHWA,162.1920301
PK-86,SWAT,KHYBER PAKHTUNKHWA,142.9104691
PK-81,SWAT,KHYBER PAKHTUNKHWA,125.6530408
PK-80,SWAT,KHYBER PAKHTUNKHWA,136.5278066
PK-83,SWAT,KHYBER PAKHTUNKHWA,148.7278901
PK-20,CHARSADDA,KHYBER PAKHTUNKHWA,136.1767491
PK-22,CHARSADDA,KHYBER PAKHTUNKHWA,142.5802194
PK-21,CHARSADDA,KHYBER PAKHTUNKHWA,139.3736928
PK-18,CHARSADDA,KHYBER PAKHTUNKHWA,118.0767031
PK-17,CHARSADDA,KHYBER PAKHTUNKHWA,116.2354618
PK-19,CHARSADDA,KHYBER PAKHTUNKHWA,127.5783247
PK-32,SWABI,KHYBER PAKHTUNKHWA,84.41224972
PK-36,SWABI,KHYBER PAKHTUNKHWA,60.41844118
PK-33,SWABI,KHYBER PAKHTUNKHWA,81.30587785
PK-34,SWABI,KHYBER PAKHTUNKHWA,69.11175176
PK-35,SWABI,KHYBER PAKHTUNKHWA,58.97935255
PK-31,SWABI,KHYBER PAKHTUNKHWA,69.30812862
PK-29,MARDAN,KHYBER PAKHTUNKHWA,100.45604
PK-30,MARDAN,KHYBER PAKHTUNKHWA,100.1482268
PK-25,MARDAN,KHYBER PAKHTUNKHWA,92.76652721
PK-27,MARDAN,KHYBER PAKHTUNKHWA,121.9504911
PK-24,MARDAN,KHYBER PAKHTUNKHWA,99.65156344
PK-23,MARDAN,KHYBER PAKHTUNKHWA,107.0257029
PK-28,MARDAN,KHYBER PAKHTUNKHWA,116.9920217
PK-26,MARDAN,KHYBER PAKHTUNKHWA,113.6459426
PK-94,LOWER DIR,KHYBER PAKHTUNKHWA,160.125507
PK-97,LOWER DIR,KHYBER PAKHTUNKHWA,146.2612661
PK-95,LOWER DIR,KHYBER PAKHTUNKHWA,182.5959138
PK-96,LOWER DIR,KHYBER PAKHTUNKHWA,177.2378763
